{
  "id": 3,
  "name": "Gasolineras-Keys",
  "uuid": "ca39c8e8-9e5b-4bda-85d0-52a20a1746e5",
  "subscriber": {
    "name": "admin",
    "id": 1,
    "tenantId": 0
  },
  "subscribedAPIs": [
    {
      "subscriptionId": 2,
      "tier": {
        "name": "Unlimited",
        "displayName": "Unlimited",
        "requestsPerMin": 0,
        "requestCount": 0,
        "unitTime": 0,
        "timeUnit": "ms",
        "stopOnQuotaReached": true
      },
      "subscriber": {
        "name": "admin",
        "id": 1,
        "tenantId": 0
      },
      "apiId": {
        "providerName": "admin",
        "apiName": "Gasolineras",
        "version": "1.0.0"
      },
      "application": {
        "id": 0,
        "name": "Gasolineras-Keys",
        "uuid": "ca39c8e8-9e5b-4bda-85d0-52a20a1746e5",
        "subscriber": {
          "name": "admin",
          "id": 1,
          "tenantId": 0
        },
        "subscribedAPIs": [],
        "keys": [],
        "oauthApps": {},
        "applicationAttributes": {},
        "subscriptionCount": 0
      },
      "subStatus": "UNBLOCKED",
      "subCreatedStatus": "SUBSCRIBE",
      "keys": [],
      "uuid": "763a2649-0498-4719-927f-8838480d9788",
      "isBlocked": false
    },
    {
      "subscriptionId": 33,
      "tier": {
        "name": "Unlimited",
        "displayName": "Unlimited",
        "requestsPerMin": 0,
        "requestCount": 0,
        "unitTime": 0,
        "timeUnit": "ms",
        "stopOnQuotaReached": true
      },
      "subscriber": {
        "name": "admin",
        "id": 1,
        "tenantId": 0
      },
      "apiId": {
        "providerName": "admin",
        "apiName": "Hospitales",
        "version": "1.0.0"
      },
      "application": {
        "id": 0,
        "name": "Gasolineras-Keys",
        "uuid": "ca39c8e8-9e5b-4bda-85d0-52a20a1746e5",
        "subscriber": {
          "name": "admin",
          "id": 1,
          "tenantId": 0
        },
        "subscribedAPIs": [],
        "keys": [],
        "oauthApps": {},
        "applicationAttributes": {},
        "subscriptionCount": 0
      },
      "subStatus": "UNBLOCKED",
      "subCreatedStatus": "SUBSCRIBE",
      "keys": [],
      "uuid": "9d0f8617-e4d4-429d-85e4-301c66fcedf8",
      "isBlocked": false
    },
    {
      "subscriptionId": 34,
      "tier": {
        "name": "Unlimited",
        "displayName": "Unlimited",
        "requestsPerMin": 0,
        "requestCount": 0,
        "unitTime": 0,
        "timeUnit": "ms",
        "stopOnQuotaReached": true
      },
      "subscriber": {
        "name": "admin",
        "id": 1,
        "tenantId": 0
      },
      "apiId": {
        "providerName": "admin",
        "apiName": "Cajeros",
        "version": "1.0.0"
      },
      "application": {
        "id": 0,
        "name": "Gasolineras-Keys",
        "uuid": "ca39c8e8-9e5b-4bda-85d0-52a20a1746e5",
        "subscriber": {
          "name": "admin",
          "id": 1,
          "tenantId": 0
        },
        "subscribedAPIs": [],
        "keys": [],
        "oauthApps": {},
        "applicationAttributes": {},
        "subscriptionCount": 0
      },
      "subStatus": "UNBLOCKED",
      "subCreatedStatus": "SUBSCRIBE",
      "keys": [],
      "uuid": "7330d3b0-b9d7-451c-9963-92458dc5e5a7",
      "isBlocked": false
    },
    {
      "subscriptionId": 35,
      "tier": {
        "name": "Unlimited",
        "displayName": "Unlimited",
        "requestsPerMin": 0,
        "requestCount": 0,
        "unitTime": 0,
        "timeUnit": "ms",
        "stopOnQuotaReached": true
      },
      "subscriber": {
        "name": "admin",
        "id": 1,
        "tenantId": 0
      },
      "apiId": {
        "providerName": "admin",
        "apiName": "Supermercados",
        "version": "1.0.0"
      },
      "application": {
        "id": 0,
        "name": "Gasolineras-Keys",
        "uuid": "ca39c8e8-9e5b-4bda-85d0-52a20a1746e5",
        "subscriber": {
          "name": "admin",
          "id": 1,
          "tenantId": 0
        },
        "subscribedAPIs": [],
        "keys": [],
        "oauthApps": {},
        "applicationAttributes": {},
        "subscriptionCount": 0
      },
      "subStatus": "UNBLOCKED",
      "subCreatedStatus": "SUBSCRIBE",
      "keys": [],
      "uuid": "abb0cba8-9329-4c26-9a85-2c1921d4800b",
      "isBlocked": false
    },
    {
      "subscriptionId": 36,
      "tier": {
        "name": "Unlimited",
        "displayName": "Unlimited",
        "requestsPerMin": 0,
        "requestCount": 0,
        "unitTime": 0,
        "timeUnit": "ms",
        "stopOnQuotaReached": true
      },
      "subscriber": {
        "name": "admin",
        "id": 1,
        "tenantId": 0
      },
      "apiId": {
        "providerName": "admin",
        "apiName": "Farmacias",
        "version": "1.0.0"
      },
      "application": {
        "id": 0,
        "name": "Gasolineras-Keys",
        "uuid": "ca39c8e8-9e5b-4bda-85d0-52a20a1746e5",
        "subscriber": {
          "name": "admin",
          "id": 1,
          "tenantId": 0
        },
        "subscribedAPIs": [],
        "keys": [],
        "oauthApps": {},
        "applicationAttributes": {},
        "subscriptionCount": 0
      },
      "subStatus": "UNBLOCKED",
      "subCreatedStatus": "SUBSCRIBE",
      "keys": [],
      "uuid": "f7610e1e-4ea0-43f9-b365-8480cf225dc1",
      "isBlocked": false
    },
    {
      "subscriptionId": 37,
      "tier": {
        "name": "Unlimited",
        "displayName": "Unlimited",
        "requestsPerMin": 0,
        "requestCount": 0,
        "unitTime": 0,
        "timeUnit": "ms",
        "stopOnQuotaReached": true
      },
      "subscriber": {
        "name": "admin",
        "id": 1,
        "tenantId": 0
      },
      "apiId": {
        "providerName": "admin",
        "apiName": "Fuentes",
        "version": "1.0.0"
      },
      "application": {
        "id": 0,
        "name": "Gasolineras-Keys",
        "uuid": "ca39c8e8-9e5b-4bda-85d0-52a20a1746e5",
        "subscriber": {
          "name": "admin",
          "id": 1,
          "tenantId": 0
        },
        "subscribedAPIs": [],
        "keys": [],
        "oauthApps": {},
        "applicationAttributes": {},
        "subscriptionCount": 0
      },
      "subStatus": "UNBLOCKED",
      "subCreatedStatus": "SUBSCRIBE",
      "keys": [],
      "uuid": "4385f87b-7477-410a-a29f-f227d823f73e",
      "isBlocked": false
    },
    {
      "subscriptionId": 38,
      "tier": {
        "name": "Unlimited",
        "displayName": "Unlimited",
        "requestsPerMin": 0,
        "requestCount": 0,
        "unitTime": 0,
        "timeUnit": "ms",
        "stopOnQuotaReached": true
      },
      "subscriber": {
        "name": "admin",
        "id": 1,
        "tenantId": 0
      },
      "apiId": {
        "providerName": "admin",
        "apiName": "Banos",
        "version": "1.0.0"
      },
      "application": {
        "id": 0,
        "name": "Gasolineras-Keys",
        "uuid": "ca39c8e8-9e5b-4bda-85d0-52a20a1746e5",
        "subscriber": {
          "name": "admin",
          "id": 1,
          "tenantId": 0
        },
        "subscribedAPIs": [],
        "keys": [],
        "oauthApps": {},
        "applicationAttributes": {},
        "subscriptionCount": 0
      },
      "subStatus": "UNBLOCKED",
      "subCreatedStatus": "SUBSCRIBE",
      "keys": [],
      "uuid": "70467683-c0d6-4292-ae2c-8274b14faab6",
      "isBlocked": false
    }
  ],
  "keys": [],
  "oauthApps": {},
  "tier": "Unlimited",
  "description": "",
  "status": "APPROVED",
  "groupId": "",
  "owner": "admin",
  "applicationAttributes": {},
  "tokenType": "OAUTH",
  "subscriptionCount": 0
}
