{
  "id": 36,
  "name": "Gasolineras-Keys",
  "uuid": "87dc8a0e-8752-4ef8-9f3d-d73d54748847",
  "subscriber": {
    "name": "admin",
    "id": 1,
    "tenantId": 0
  },
  "subscribedAPIs": [
    {
      "subscriptionId": 55,
      "tier": {
        "name": "Unlimited",
        "displayName": "Unlimited",
        "requestsPerMin": 0,
        "requestCount": 0,
        "unitTime": 0,
        "timeUnit": "ms",
        "stopOnQuotaReached": true
      },
      "subscriber": {
        "name": "admin",
        "id": 1,
        "tenantId": 0
      },
      "apiId": {
        "providerName": "admin",
        "apiName": "Gasolineras",
        "version": "1.0.0"
      },
      "application": {
        "id": 0,
        "name": "Gasolineras-Keys",
        "uuid": "87dc8a0e-8752-4ef8-9f3d-d73d54748847",
        "subscriber": {
          "name": "admin",
          "id": 1,
          "tenantId": 0
        },
        "subscribedAPIs": [],
        "keys": [],
        "oauthApps": {},
        "applicationAttributes": {},
        "subscriptionCount": 0
      },
      "subStatus": "UNBLOCKED",
      "subCreatedStatus": "SUBSCRIBE",
      "keys": [],
      "uuid": "24581fec-5a12-4ff9-b6ef-3bab6525be63",
      "isBlocked": false
    },
    {
      "subscriptionId": 56,
      "tier": {
        "name": "Unlimited",
        "displayName": "Unlimited",
        "requestsPerMin": 0,
        "requestCount": 0,
        "unitTime": 0,
        "timeUnit": "ms",
        "stopOnQuotaReached": true
      },
      "subscriber": {
        "name": "admin",
        "id": 1,
        "tenantId": 0
      },
      "apiId": {
        "providerName": "admin",
        "apiName": "Hospitales",
        "version": "1.0.0"
      },
      "application": {
        "id": 0,
        "name": "Gasolineras-Keys",
        "uuid": "87dc8a0e-8752-4ef8-9f3d-d73d54748847",
        "subscriber": {
          "name": "admin",
          "id": 1,
          "tenantId": 0
        },
        "subscribedAPIs": [],
        "keys": [],
        "oauthApps": {},
        "applicationAttributes": {},
        "subscriptionCount": 0
      },
      "subStatus": "UNBLOCKED",
      "subCreatedStatus": "SUBSCRIBE",
      "keys": [],
      "uuid": "3e44fccd-ac60-4621-8213-c6d073c52df5",
      "isBlocked": false
    },
    {
      "subscriptionId": 57,
      "tier": {
        "name": "Unlimited",
        "displayName": "Unlimited",
        "requestsPerMin": 0,
        "requestCount": 0,
        "unitTime": 0,
        "timeUnit": "ms",
        "stopOnQuotaReached": true
      },
      "subscriber": {
        "name": "admin",
        "id": 1,
        "tenantId": 0
      },
      "apiId": {
        "providerName": "admin",
        "apiName": "Cajeros",
        "version": "1.0.0"
      },
      "application": {
        "id": 0,
        "name": "Gasolineras-Keys",
        "uuid": "87dc8a0e-8752-4ef8-9f3d-d73d54748847",
        "subscriber": {
          "name": "admin",
          "id": 1,
          "tenantId": 0
        },
        "subscribedAPIs": [],
        "keys": [],
        "oauthApps": {},
        "applicationAttributes": {},
        "subscriptionCount": 0
      },
      "subStatus": "UNBLOCKED",
      "subCreatedStatus": "SUBSCRIBE",
      "keys": [],
      "uuid": "f811bb36-d078-4600-a369-2a1fc4be4070",
      "isBlocked": false
    },
    {
      "subscriptionId": 58,
      "tier": {
        "name": "Unlimited",
        "displayName": "Unlimited",
        "requestsPerMin": 0,
        "requestCount": 0,
        "unitTime": 0,
        "timeUnit": "ms",
        "stopOnQuotaReached": true
      },
      "subscriber": {
        "name": "admin",
        "id": 1,
        "tenantId": 0
      },
      "apiId": {
        "providerName": "admin",
        "apiName": "Supermercados",
        "version": "1.0.0"
      },
      "application": {
        "id": 0,
        "name": "Gasolineras-Keys",
        "uuid": "87dc8a0e-8752-4ef8-9f3d-d73d54748847",
        "subscriber": {
          "name": "admin",
          "id": 1,
          "tenantId": 0
        },
        "subscribedAPIs": [],
        "keys": [],
        "oauthApps": {},
        "applicationAttributes": {},
        "subscriptionCount": 0
      },
      "subStatus": "UNBLOCKED",
      "subCreatedStatus": "SUBSCRIBE",
      "keys": [],
      "uuid": "6af6ec18-5ff6-4977-9784-14296d99c43c",
      "isBlocked": false
    },
    {
      "subscriptionId": 59,
      "tier": {
        "name": "Unlimited",
        "displayName": "Unlimited",
        "requestsPerMin": 0,
        "requestCount": 0,
        "unitTime": 0,
        "timeUnit": "ms",
        "stopOnQuotaReached": true
      },
      "subscriber": {
        "name": "admin",
        "id": 1,
        "tenantId": 0
      },
      "apiId": {
        "providerName": "admin",
        "apiName": "Farmacias",
        "version": "1.0.0"
      },
      "application": {
        "id": 0,
        "name": "Gasolineras-Keys",
        "uuid": "87dc8a0e-8752-4ef8-9f3d-d73d54748847",
        "subscriber": {
          "name": "admin",
          "id": 1,
          "tenantId": 0
        },
        "subscribedAPIs": [],
        "keys": [],
        "oauthApps": {},
        "applicationAttributes": {},
        "subscriptionCount": 0
      },
      "subStatus": "UNBLOCKED",
      "subCreatedStatus": "SUBSCRIBE",
      "keys": [],
      "uuid": "a4e85df5-328f-4541-85be-303a851961fc",
      "isBlocked": false
    },
    {
      "subscriptionId": 60,
      "tier": {
        "name": "Unlimited",
        "displayName": "Unlimited",
        "requestsPerMin": 0,
        "requestCount": 0,
        "unitTime": 0,
        "timeUnit": "ms",
        "stopOnQuotaReached": true
      },
      "subscriber": {
        "name": "admin",
        "id": 1,
        "tenantId": 0
      },
      "apiId": {
        "providerName": "admin",
        "apiName": "Fuentes",
        "version": "1.0.0"
      },
      "application": {
        "id": 0,
        "name": "Gasolineras-Keys",
        "uuid": "87dc8a0e-8752-4ef8-9f3d-d73d54748847",
        "subscriber": {
          "name": "admin",
          "id": 1,
          "tenantId": 0
        },
        "subscribedAPIs": [],
        "keys": [],
        "oauthApps": {},
        "applicationAttributes": {},
        "subscriptionCount": 0
      },
      "subStatus": "UNBLOCKED",
      "subCreatedStatus": "SUBSCRIBE",
      "keys": [],
      "uuid": "732175f5-b616-47ca-9686-4686b888e3e2",
      "isBlocked": false
    },
    {
      "subscriptionId": 61,
      "tier": {
        "name": "Unlimited",
        "displayName": "Unlimited",
        "requestsPerMin": 0,
        "requestCount": 0,
        "unitTime": 0,
        "timeUnit": "ms",
        "stopOnQuotaReached": true
      },
      "subscriber": {
        "name": "admin",
        "id": 1,
        "tenantId": 0
      },
      "apiId": {
        "providerName": "admin",
        "apiName": "Banos",
        "version": "1.0.0"
      },
      "application": {
        "id": 0,
        "name": "Gasolineras-Keys",
        "uuid": "87dc8a0e-8752-4ef8-9f3d-d73d54748847",
        "subscriber": {
          "name": "admin",
          "id": 1,
          "tenantId": 0
        },
        "subscribedAPIs": [],
        "keys": [],
        "oauthApps": {},
        "applicationAttributes": {},
        "subscriptionCount": 0
      },
      "subStatus": "UNBLOCKED",
      "subCreatedStatus": "SUBSCRIBE",
      "keys": [],
      "uuid": "2738a7b3-ee05-4dae-8698-5af174b8956f",
      "isBlocked": false
    }
  ],
  "keys": [],
  "oauthApps": {
    "SANDBOX": {
      "clientId": "qXB5t89zhF_Eu_CFmXrFAX4ZdYka",
      "clientSecret": "UDg3QlczRGJ3U3lNaFM1MTlZVmJJMWZ4Mk5BYQ\u003d\u003d",
      "parameters": {
        "grant_types": "refresh_token urn:ietf:params:oauth:grant-type:saml2-bearer password client_credentials iwa:ntlm urn:ietf:params:oauth:grant-type:jwt-bearer",
        "redirect_uris": {},
        "client_name": "admin_Gasolineras-Keys_SANDBOX"
      },
      "isSaasApplication": false,
      "appAttributes": {}
    },
    "PRODUCTION": {
      "clientId": "7BhbjaV7Q9UUAdUDkkWcWPRqdDEa",
      "clientSecret": "NWNyZFF6WWZHTnV5eGk5SG1FTXk4TjhqSW13YQ\u003d\u003d",
      "parameters": {
        "grant_types": "refresh_token urn:ietf:params:oauth:grant-type:saml2-bearer password client_credentials iwa:ntlm urn:ietf:params:oauth:grant-type:jwt-bearer",
        "redirect_uris": {},
        "client_name": "admin_Gasolineras-Keys_PRODUCTION"
      },
      "isSaasApplication": false,
      "appAttributes": {}
    }
  },
  "tier": "Unlimited",
  "description": "",
  "status": "APPROVED",
  "groupId": "",
  "owner": "admin",
  "applicationAttributes": {},
  "tokenType": "OAUTH",
  "subscriptionCount": 0
}